,adherence_pct,control,treatment a,treatment b
0,60.6216884493112,,,
1,60.210173083716,,,
2,61.009404388714735,,,
3,,1532.0,1599.0,1570.0
4,,617.0,534.0,561.0
5,,682.0,661.0,657.0
6,,506.0,527.0,554.0
7,,2831.0,2831.0,2871.0
8,,506.0,490.0,471.0
9,,3118.0,2760.0,2810.0
10,,208.0,497.0,473.0
11,,11.0,62.0,53.0
12,,0.0,1.0,6.0
13,,0.0,1.0,0.0
